alias,canonique
Guimard Hector,Guimard Hector
Le Corbusier,Le Corbusier
Jeanneret Charles-Edouard,Le Corbusier
Jeanneret Edouard,Le Corbusier
Jeanneret Charles-Edouard dit Le Corbusier,Le Corbusier
Jeanneret Edouard dit Le Corbusier,Le Corbusier
Vauban,Vauban Sébastien Le Prestre de
Vauban Sébastien Le Prestre de,Vauban Sébastien Le Prestre de
Vauban Sébastien Le Prestre de marquis,Vauban Sébastien Le Prestre de
Vauban Sébastien Le Prestre de marquis de,Vauban Sébastien Le Prestre de
Viollet-le-Duc Eugène,Viollet-le-Duc Eugène
Viollet-le-Duc Eugène-Emmanuel,Viollet-le-Duc Eugène
